[{"model": "admin.logentry", "pk": 1, "fields": {"action_time": "2022-02-05T21:46:15.965Z", "user": 1, "content_type": 6, "object_id": "6", "object_repr": "meliodas", "action_flag": 2, "change_message": "[{\"changed\": {\"fields\": [\"Last name\", \"Bio\"]}}]"}}, {"model": "admin.logentry", "pk": 2, "fields": {"action_time": "2022-02-05T21:46:35.553Z", "user": 1, "content_type": 6, "object_id": "5", "object_repr": "toga_himiko", "action_flag": 2, "change_message": "[{\"changed\": {\"fields\": [\"Bio\"]}}]"}}, {"model": "admin.logentry", "pk": 3, "fields": {"action_time": "2022-02-05T21:47:48.375Z", "user": 1, "content_type": 6, "object_id": "4", "object_repr": "lug_tuathade", "action_flag": 2, "change_message": "[{\"changed\": {\"fields\": [\"First name\", \"Last name\", \"Bio\", \"Profile picture\"]}}]"}}, {"model": "admin.logentry", "pk": 4, "fields": {"action_time": "2022-02-05T21:48:19.342Z", "user": 1, "content_type": 6, "object_id": "3", "object_repr": "milim_nava", "action_flag": 2, "change_message": "[{\"changed\": {\"fields\": [\"First name\", \"Last name\", \"Bio\", \"Profile picture\"]}}]"}}, {"model": "admin.logentry", "pk": 5, "fields": {"action_time": "2022-02-05T21:49:05.189Z", "user": 1, "content_type": 6, "object_id": "2", "object_repr": "paul_khv", "action_flag": 2, "change_message": "[{\"changed\": {\"fields\": [\"First name\", \"Last name\", \"Bio\", \"Profile picture\"]}}]"}}, {"model": "admin.logentry", "pk": 6, "fields": {"action_time": "2022-02-05T21:50:17.605Z", "user": 1, "content_type": 6, "object_id": "7", "object_repr": "president.gov.ua", "action_flag": 1, "change_message": "[{\"added\": {}}]"}}, {"model": "admin.logentry", "pk": 7, "fields": {"action_time": "2022-02-05T21:51:09.142Z", "user": 1, "content_type": 7, "object_id": "1", "object_repr": "Khv's First Blog", "action_flag": 1, "change_message": "[{\"added\": {}}]"}}, {"model": "admin.logentry", "pk": 8, "fields": {"action_time": "2022-02-05T21:51:35.576Z", "user": 1, "content_type": 7, "object_id": "2", "object_repr": "Khv's Second Blog", "action_flag": 1, "change_message": "[{\"added\": {}}]"}}, {"model": "admin.logentry", "pk": 9, "fields": {"action_time": "2022-02-05T21:52:04.935Z", "user": 1, "content_type": 7, "object_id": "3", "object_repr": "Khv's Third Blog", "action_flag": 1, "change_message": "[{\"added\": {}}]"}}, {"model": "admin.logentry", "pk": 10, "fields": {"action_time": "2022-02-05T21:52:42.017Z", "user": 1, "content_type": 7, "object_id": "4", "object_repr": "Milim's First Blog", "action_flag": 1, "change_message": "[{\"added\": {}}]"}}, {"model": "admin.logentry", "pk": 11, "fields": {"action_time": "2022-02-05T21:53:12.097Z", "user": 1, "content_type": 7, "object_id": "5", "object_repr": "Milim's Second Blog", "action_flag": 1, "change_message": "[{\"added\": {}}]"}}, {"model": "admin.logentry", "pk": 12, "fields": {"action_time": "2022-02-05T21:53:17.599Z", "user": 1, "content_type": 7, "object_id": "5", "object_repr": "Milim's Second Blog", "action_flag": 2, "change_message": "[]"}}, {"model": "admin.logentry", "pk": 13, "fields": {"action_time": "2022-02-05T21:54:03.044Z", "user": 1, "content_type": 7, "object_id": "6", "object_repr": "Meliodas first blog", "action_flag": 1, "change_message": "[{\"added\": {}}]"}}, {"model": "admin.logentry", "pk": 14, "fields": {"action_time": "2022-02-05T21:54:46.282Z", "user": 1, "content_type": 7, "object_id": "7", "object_repr": "Meliodas Second Blog", "action_flag": 1, "change_message": "[{\"added\": {}}]"}}, {"model": "admin.logentry", "pk": 15, "fields": {"action_time": "2022-02-05T21:55:13.140Z", "user": 1, "content_type": 7, "object_id": "8", "object_repr": "Toga's First Blog", "action_flag": 1, "change_message": "[{\"added\": {}}]"}}, {"model": "admin.logentry", "pk": 16, "fields": {"action_time": "2022-02-05T21:55:40.080Z", "user": 1, "content_type": 7, "object_id": "9", "object_repr": "Toga's Second Blog", "action_flag": 1, "change_message": "[{\"added\": {}}]"}}, {"model": "admin.logentry", "pk": 17, "fields": {"action_time": "2022-02-05T21:55:57.669Z", "user": 1, "content_type": 7, "object_id": "10", "object_repr": "Lug's First Blog", "action_flag": 1, "change_message": "[{\"added\": {}}]"}}, {"model": "admin.logentry", "pk": 18, "fields": {"action_time": "2022-02-05T21:56:30.906Z", "user": 1, "content_type": 7, "object_id": "11", "object_repr": "Lug's Second Blog", "action_flag": 1, "change_message": "[{\"added\": {}}]"}}, {"model": "admin.logentry", "pk": 19, "fields": {"action_time": "2022-02-05T21:57:05.336Z", "user": 1, "content_type": 7, "object_id": "12", "object_repr": "Lug's Second Blog", "action_flag": 1, "change_message": "[{\"added\": {}}]"}}, {"model": "admin.logentry", "pk": 20, "fields": {"action_time": "2022-02-05T21:57:24.797Z", "user": 1, "content_type": 7, "object_id": "12", "object_repr": "Lug's Third Blog", "action_flag": 2, "change_message": "[{\"changed\": {\"fields\": [\"Title\", \"Content\"]}}]"}}, {"model": "admin.logentry", "pk": 21, "fields": {"action_time": "2022-02-05T21:59:31.378Z", "user": 1, "content_type": 8, "object_id": "1", "object_repr": "First Comment <3<3<3<3<3<3<3<3<3<3<3<3<3<3<3<3<3<3<3<3<3<3<3<3<3<3<3<3<3<3<3<3<3<3<3<3<3<3<3<3", "action_flag": 1, "change_message": "[{\"added\": {}}]"}}, {"model": "admin.logentry", "pk": 22, "fields": {"action_time": "2022-02-05T21:59:39.214Z", "user": 1, "content_type": 8, "object_id": "2", "object_repr": "First Comment <3<3<3<3<3<3<3<3<3<3<3<3<3<3<3<3<3<3<3<3<3<3<3<3<3<3<3<3<3<3<3<3<3<3<3<3<3<3<3<3", "action_flag": 1, "change_message": "[{\"added\": {}}]"}}, {"model": "admin.logentry", "pk": 23, "fields": {"action_time": "2022-02-05T21:59:45.234Z", "user": 1, "content_type": 8, "object_id": "3", "object_repr": "First Comment <3<3<3<3<3<3<3<3<3<3<3<3<3<3<3<3<3<3<3<3<3<3<3<3<3<3<3<3<3<3<3<3<3<3<3<3<3<3<3<3", "action_flag": 1, "change_message": "[{\"added\": {}}]"}}, {"model": "admin.logentry", "pk": 24, "fields": {"action_time": "2022-02-05T21:59:50.676Z", "user": 1, "content_type": 8, "object_id": "4", "object_repr": "First Comment <3<3<3<3<3<3<3<3<3<3<3<3<3<3<3<3<3<3<3<3<3<3<3<3<3<3<3<3<3<3<3<3<3<3<3<3<3<3<3<3", "action_flag": 1, "change_message": "[{\"added\": {}}]"}}, {"model": "admin.logentry", "pk": 25, "fields": {"action_time": "2022-02-05T21:59:56.183Z", "user": 1, "content_type": 8, "object_id": "5", "object_repr": "First Comment <3<3<3<3<3<3<3<3<3<3<3<3<3<3<3<3<3<3<3<3<3<3<3<3<3<3<3<3<3<3<3<3<3<3<3<3<3<3<3<3", "action_flag": 1, "change_message": "[{\"added\": {}}]"}}, {"model": "admin.logentry", "pk": 26, "fields": {"action_time": "2022-02-05T22:00:02.485Z", "user": 1, "content_type": 8, "object_id": "6", "object_repr": "First Comment <3<3<3<3<3<3<3<3<3<3<3<3<3<3<3<3<3<3<3<3<3<3<3<3<3<3<3<3<3<3<3<3<3<3<3<3<3<3<3<3", "action_flag": 1, "change_message": "[{\"added\": {}}]"}}, {"model": "admin.logentry", "pk": 27, "fields": {"action_time": "2022-02-05T22:00:09.795Z", "user": 1, "content_type": 8, "object_id": "7", "object_repr": "First Comment <3<3<3<3<3<3<3<3<3<3<3<3<3<3<3<3<3<3<3<3<3<3<3<3<3<3<3<3<3<3<3<3<3<3<3<3<3<3<3<3", "action_flag": 1, "change_message": "[{\"added\": {}}]"}}, {"model": "admin.logentry", "pk": 28, "fields": {"action_time": "2022-02-05T22:00:15.749Z", "user": 1, "content_type": 8, "object_id": "8", "object_repr": "First Comment <3<3<3<3<3<3<3<3<3<3<3<3<3<3<3<3<3<3<3<3<3<3<3<3<3<3<3<3<3<3<3<3<3<3<3<3<3<3<3<3", "action_flag": 1, "change_message": "[{\"added\": {}}]"}}, {"model": "admin.logentry", "pk": 29, "fields": {"action_time": "2022-02-05T22:00:22.733Z", "user": 1, "content_type": 8, "object_id": "9", "object_repr": "First Comment <3<3<3<3<3<3<3<3<3<3<3<3<3<3<3<3<3<3<3<3<3<3<3<3<3<3<3<3<3<3<3<3<3<3<3<3<3<3<3<3", "action_flag": 1, "change_message": "[{\"added\": {}}]"}}, {"model": "admin.logentry", "pk": 30, "fields": {"action_time": "2022-02-05T22:00:28.741Z", "user": 1, "content_type": 8, "object_id": "10", "object_repr": "First Comment <3<3<3<3<3<3<3<3<3<3<3<3<3<3<3<3<3<3<3<3<3<3<3<3<3<3<3<3<3<3<3<3<3<3<3<3<3<3<3<3", "action_flag": 1, "change_message": "[{\"added\": {}}]"}}, {"model": "admin.logentry", "pk": 31, "fields": {"action_time": "2022-02-05T22:00:37.542Z", "user": 1, "content_type": 8, "object_id": "11", "object_repr": "First Comment <3<3<3<3<3<3<3<3<3<3<3<3<3<3<3<3<3<3<3<3<3<3<3<3<3<3<3<3<3<3<3<3<3<3<3<3<3<3<3<3", "action_flag": 1, "change_message": "[{\"added\": {}}]"}}, {"model": "admin.logentry", "pk": 32, "fields": {"action_time": "2022-02-05T22:00:47.822Z", "user": 1, "content_type": 8, "object_id": "12", "object_repr": "First Comment <3<3<3<3<3<3<3<3<3<3<3<3<3<3<3<3<3<3<3<3<3<3<3<3<3<3<3<3<3<3<3<3<3<3<3<3<3<3<3<3", "action_flag": 1, "change_message": "[{\"added\": {}}]"}}, {"model": "admin.logentry", "pk": 33, "fields": {"action_time": "2022-02-05T22:00:52.784Z", "user": 1, "content_type": 8, "object_id": "13", "object_repr": "First Comment <3<3<3<3<3<3<3<3<3<3<3<3<3<3<3<3<3<3<3<3<3<3<3<3<3<3<3<3<3<3<3<3<3<3<3<3<3<3<3<3", "action_flag": 1, "change_message": "[{\"added\": {}}]"}}, {"model": "admin.logentry", "pk": 34, "fields": {"action_time": "2022-02-05T22:00:59.461Z", "user": 1, "content_type": 8, "object_id": "14", "object_repr": "First Comment <3<3<3<3<3<3<3<3<3<3<3<3<3<3<3<3<3<3<3<3<3<3<3<3<3<3<3<3<3<3<3<3<3<3<3<3<3<3<3<3", "action_flag": 1, "change_message": "[{\"added\": {}}]"}}, {"model": "admin.logentry", "pk": 35, "fields": {"action_time": "2022-02-05T22:01:19.736Z", "user": 1, "content_type": 8, "object_id": "12", "object_repr": "First Comment <3<3<3<3<3<3<3<3<3<3<3<3<3<3<3<3<3<3<3<3<3<3<3<3<3<3<3<3<3<3<3<3<3<3<3<3<3<3<3<3", "action_flag": 3, "change_message": ""}}, {"model": "admin.logentry", "pk": 36, "fields": {"action_time": "2022-02-05T22:01:19.737Z", "user": 1, "content_type": 8, "object_id": "10", "object_repr": "First Comment <3<3<3<3<3<3<3<3<3<3<3<3<3<3<3<3<3<3<3<3<3<3<3<3<3<3<3<3<3<3<3<3<3<3<3<3<3<3<3<3", "action_flag": 3, "change_message": ""}}, {"model": "admin.logentry", "pk": 37, "fields": {"action_time": "2022-02-05T22:01:39.803Z", "user": 1, "content_type": 8, "object_id": "15", "object_repr": "Second Comment <3<3<3<3<3<3<3<3<3<3<3<3<3<3<3<3<3<3<3<3<3<3<3<3<3<3<3<3<3<3<3<3<3<3<3<3<3<3<3<3", "action_flag": 1, "change_message": "[{\"added\": {}}]"}}, {"model": "admin.logentry", "pk": 38, "fields": {"action_time": "2022-02-05T22:01:45.962Z", "user": 1, "content_type": 8, "object_id": "16", "object_repr": "Second Comment <3<3<3<3<3<3<3<3<3<3<3<3<3<3<3<3<3<3<3<3<3<3<3<3<3<3<3<3<3<3<3<3<3<3<3<3<3<3<3<3", "action_flag": 1, "change_message": "[{\"added\": {}}]"}}, {"model": "admin.logentry", "pk": 39, "fields": {"action_time": "2022-02-05T22:01:51.139Z", "user": 1, "content_type": 8, "object_id": "17", "object_repr": "Second Comment <3<3<3<3<3<3<3<3<3<3<3<3<3<3<3<3<3<3<3<3<3<3<3<3<3<3<3<3<3<3<3<3<3<3<3<3<3<3<3<3", "action_flag": 1, "change_message": "[{\"added\": {}}]"}}, {"model": "admin.logentry", "pk": 40, "fields": {"action_time": "2022-02-05T22:01:57.197Z", "user": 1, "content_type": 8, "object_id": "18", "object_repr": "Second Comment <3<3<3<3<3<3<3<3<3<3<3<3<3<3<3<3<3<3<3<3<3<3<3<3<3<3<3<3<3<3<3<3<3<3<3<3<3<3<3<3", "action_flag": 1, "change_message": "[{\"added\": {}}]"}}, {"model": "admin.logentry", "pk": 41, "fields": {"action_time": "2022-02-05T22:02:02.958Z", "user": 1, "content_type": 8, "object_id": "19", "object_repr": "Second Comment <3<3<3<3<3<3<3<3<3<3<3<3<3<3<3<3<3<3<3<3<3<3<3<3<3<3<3<3<3<3<3<3<3<3<3<3<3<3<3<3", "action_flag": 1, "change_message": "[{\"added\": {}}]"}}, {"model": "admin.logentry", "pk": 42, "fields": {"action_time": "2022-02-05T22:02:12.161Z", "user": 1, "content_type": 8, "object_id": "20", "object_repr": "Second Comment <3<3<3<3<3<3<3<3<3<3<3<3<3<3<3<3<3<3<3<3<3<3<3<3<3<3<3<3<3<3<3<3<3<3<3<3<3<3<3<3", "action_flag": 1, "change_message": "[{\"added\": {}}]"}}, {"model": "admin.logentry", "pk": 43, "fields": {"action_time": "2022-02-05T22:02:17.588Z", "user": 1, "content_type": 8, "object_id": "21", "object_repr": "Second Comment <3<3<3<3<3<3<3<3<3<3<3<3<3<3<3<3<3<3<3<3<3<3<3<3<3<3<3<3<3<3<3<3<3<3<3<3<3<3<3<3", "action_flag": 1, "change_message": "[{\"added\": {}}]"}}, {"model": "admin.logentry", "pk": 44, "fields": {"action_time": "2022-02-05T22:02:24.370Z", "user": 1, "content_type": 8, "object_id": "22", "object_repr": "Second Comment <3<3<3<3<3<3<3<3<3<3<3<3<3<3<3<3<3<3<3<3<3<3<3<3<3<3<3<3<3<3<3<3<3<3<3<3<3<3<3<3", "action_flag": 1, "change_message": "[{\"added\": {}}]"}}, {"model": "admin.logentry", "pk": 45, "fields": {"action_time": "2022-02-05T22:02:29.489Z", "user": 1, "content_type": 8, "object_id": "23", "object_repr": "Second Comment <3<3<3<3<3<3<3<3<3<3<3<3<3<3<3<3<3<3<3<3<3<3<3<3<3<3<3<3<3<3<3<3<3<3<3<3<3<3<3<3", "action_flag": 1, "change_message": "[{\"added\": {}}]"}}, {"model": "admin.logentry", "pk": 46, "fields": {"action_time": "2022-02-05T22:02:34.795Z", "user": 1, "content_type": 8, "object_id": "24", "object_repr": "Second Comment <3<3<3<3<3<3<3<3<3<3<3<3<3<3<3<3<3<3<3<3<3<3<3<3<3<3<3<3<3<3<3<3<3<3<3<3<3<3<3<3", "action_flag": 1, "change_message": "[{\"added\": {}}]"}}, {"model": "admin.logentry", "pk": 47, "fields": {"action_time": "2022-02-05T22:02:39.840Z", "user": 1, "content_type": 8, "object_id": "25", "object_repr": "Second Comment <3<3<3<3<3<3<3<3<3<3<3<3<3<3<3<3<3<3<3<3<3<3<3<3<3<3<3<3<3<3<3<3<3<3<3<3<3<3<3<3", "action_flag": 1, "change_message": "[{\"added\": {}}]"}}, {"model": "admin.logentry", "pk": 48, "fields": {"action_time": "2022-02-05T22:02:47.545Z", "user": 1, "content_type": 8, "object_id": "26", "object_repr": "Second Comment <3<3<3<3<3<3<3<3<3<3<3<3<3<3<3<3<3<3<3<3<3<3<3<3<3<3<3<3<3<3<3<3<3<3<3<3<3<3<3<3", "action_flag": 1, "change_message": "[{\"added\": {}}]"}}, {"model": "admin.logentry", "pk": 49, "fields": {"action_time": "2022-02-05T22:03:51.283Z", "user": 1, "content_type": 8, "object_id": "27", "object_repr": "Third Comment <3<3<3<3<3<3<3<3<3<3<3<3<3<3<3<3<3<3<3<3<3<3<3<3<3<3<3<3<3<3<3<3<3<3<3<3<3<3<3<3", "action_flag": 1, "change_message": "[{\"added\": {}}]"}}, {"model": "admin.logentry", "pk": 50, "fields": {"action_time": "2022-02-05T22:03:55.696Z", "user": 1, "content_type": 8, "object_id": "28", "object_repr": "Third Comment <3<3<3<3<3<3<3<3<3<3<3<3<3<3<3<3<3<3<3<3<3<3<3<3<3<3<3<3<3<3<3<3<3<3<3<3<3<3<3<3", "action_flag": 1, "change_message": "[{\"added\": {}}]"}}, {"model": "admin.logentry", "pk": 51, "fields": {"action_time": "2022-02-05T22:04:00.202Z", "user": 1, "content_type": 8, "object_id": "29", "object_repr": "Third Comment <3<3<3<3<3<3<3<3<3<3<3<3<3<3<3<3<3<3<3<3<3<3<3<3<3<3<3<3<3<3<3<3<3<3<3<3<3<3<3<3", "action_flag": 1, "change_message": "[{\"added\": {}}]"}}, {"model": "admin.logentry", "pk": 52, "fields": {"action_time": "2022-02-05T22:04:04.798Z", "user": 1, "content_type": 8, "object_id": "30", "object_repr": "Third Comment <3<3<3<3<3<3<3<3<3<3<3<3<3<3<3<3<3<3<3<3<3<3<3<3<3<3<3<3<3<3<3<3<3<3<3<3<3<3<3<3", "action_flag": 1, "change_message": "[{\"added\": {}}]"}}, {"model": "admin.logentry", "pk": 53, "fields": {"action_time": "2022-02-05T22:04:10.466Z", "user": 1, "content_type": 8, "object_id": "31", "object_repr": "Third Comment <3<3<3<3<3<3<3<3<3<3<3<3<3<3<3<3<3<3<3<3<3<3<3<3<3<3<3<3<3<3<3<3<3<3<3<3<3<3<3<3", "action_flag": 1, "change_message": "[{\"added\": {}}]"}}, {"model": "admin.logentry", "pk": 54, "fields": {"action_time": "2022-02-05T22:04:18.397Z", "user": 1, "content_type": 8, "object_id": "32", "object_repr": "Third Comment <3<3<3<3<3<3<3<3<3<3<3<3<3<3<3<3<3<3<3<3<3<3<3<3<3<3<3<3<3<3<3<3<3<3<3<3<3<3<3<3", "action_flag": 1, "change_message": "[{\"added\": {}}]"}}, {"model": "admin.logentry", "pk": 55, "fields": {"action_time": "2022-02-05T22:04:23.139Z", "user": 1, "content_type": 8, "object_id": "33", "object_repr": "Third Comment <3<3<3<3<3<3<3<3<3<3<3<3<3<3<3<3<3<3<3<3<3<3<3<3<3<3<3<3<3<3<3<3<3<3<3<3<3<3<3<3", "action_flag": 1, "change_message": "[{\"added\": {}}]"}}, {"model": "admin.logentry", "pk": 56, "fields": {"action_time": "2022-02-05T22:04:29.296Z", "user": 1, "content_type": 8, "object_id": "34", "object_repr": "Third Comment <3<3<3<3<3<3<3<3<3<3<3<3<3<3<3<3<3<3<3<3<3<3<3<3<3<3<3<3<3<3<3<3<3<3<3<3<3<3<3<3", "action_flag": 1, "change_message": "[{\"added\": {}}]"}}, {"model": "admin.logentry", "pk": 57, "fields": {"action_time": "2022-02-05T22:04:33.625Z", "user": 1, "content_type": 8, "object_id": "35", "object_repr": "Third Comment <3<3<3<3<3<3<3<3<3<3<3<3<3<3<3<3<3<3<3<3<3<3<3<3<3<3<3<3<3<3<3<3<3<3<3<3<3<3<3<3", "action_flag": 1, "change_message": "[{\"added\": {}}]"}}, {"model": "admin.logentry", "pk": 58, "fields": {"action_time": "2022-02-05T22:04:37.648Z", "user": 1, "content_type": 8, "object_id": "36", "object_repr": "Third Comment <3<3<3<3<3<3<3<3<3<3<3<3<3<3<3<3<3<3<3<3<3<3<3<3<3<3<3<3<3<3<3<3<3<3<3<3<3<3<3<3", "action_flag": 1, "change_message": "[{\"added\": {}}]"}}, {"model": "admin.logentry", "pk": 59, "fields": {"action_time": "2022-02-05T22:04:43.853Z", "user": 1, "content_type": 8, "object_id": "37", "object_repr": "Third Comment <3<3<3<3<3<3<3<3<3<3<3<3<3<3<3<3<3<3<3<3<3<3<3<3<3<3<3<3<3<3<3<3<3<3<3<3<3<3<3<3", "action_flag": 1, "change_message": "[{\"added\": {}}]"}}, {"model": "admin.logentry", "pk": 60, "fields": {"action_time": "2022-02-05T22:04:48.838Z", "user": 1, "content_type": 8, "object_id": "38", "object_repr": "Third Comment <3<3<3<3<3<3<3<3<3<3<3<3<3<3<3<3<3<3<3<3<3<3<3<3<3<3<3<3<3<3<3<3<3<3<3<3<3<3<3<3", "action_flag": 1, "change_message": "[{\"added\": {}}]"}}, {"model": "admin.logentry", "pk": 61, "fields": {"action_time": "2022-02-05T22:04:53.544Z", "user": 1, "content_type": 8, "object_id": "39", "object_repr": "Third Comment <3<3<3<3<3<3<3<3<3<3<3<3<3<3<3<3<3<3<3<3<3<3<3<3<3<3<3<3<3<3<3<3<3<3<3<3<3<3<3<3", "action_flag": 1, "change_message": "[{\"added\": {}}]"}}, {"model": "admin.logentry", "pk": 62, "fields": {"action_time": "2022-02-05T22:05:11.210Z", "user": 1, "content_type": 8, "object_id": "35", "object_repr": "Third Comment <3<3<3<3<3<3<3<3<3<3<3<3<3<3<3<3<3<3<3<3<3<3<3<3<3<3<3<3<3<3<3<3<3<3<3<3<3<3<3<3", "action_flag": 3, "change_message": ""}}, {"model": "admin.logentry", "pk": 63, "fields": {"action_time": "2022-02-05T22:05:29.439Z", "user": 1, "content_type": 7, "object_id": "6", "object_repr": "Meliodas First Blog", "action_flag": 2, "change_message": "[{\"changed\": {\"fields\": [\"Title\"]}}]"}}, {"model": "auth.permission", "pk": 1, "fields": {"name": "Can add log entry", "content_type": 1, "codename": "add_logentry"}}, {"model": "auth.permission", "pk": 2, "fields": {"name": "Can change log entry", "content_type": 1, "codename": "change_logentry"}}, {"model": "auth.permission", "pk": 3, "fields": {"name": "Can delete log entry", "content_type": 1, "codename": "delete_logentry"}}, {"model": "auth.permission", "pk": 4, "fields": {"name": "Can view log entry", "content_type": 1, "codename": "view_logentry"}}, {"model": "auth.permission", "pk": 5, "fields": {"name": "Can add permission", "content_type": 2, "codename": "add_permission"}}, {"model": "auth.permission", "pk": 6, "fields": {"name": "Can change permission", "content_type": 2, "codename": "change_permission"}}, {"model": "auth.permission", "pk": 7, "fields": {"name": "Can delete permission", "content_type": 2, "codename": "delete_permission"}}, {"model": "auth.permission", "pk": 8, "fields": {"name": "Can view permission", "content_type": 2, "codename": "view_permission"}}, {"model": "auth.permission", "pk": 9, "fields": {"name": "Can add group", "content_type": 3, "codename": "add_group"}}, {"model": "auth.permission", "pk": 10, "fields": {"name": "Can change group", "content_type": 3, "codename": "change_group"}}, {"model": "auth.permission", "pk": 11, "fields": {"name": "Can delete group", "content_type": 3, "codename": "delete_group"}}, {"model": "auth.permission", "pk": 12, "fields": {"name": "Can view group", "content_type": 3, "codename": "view_group"}}, {"model": "auth.permission", "pk": 13, "fields": {"name": "Can add content type", "content_type": 4, "codename": "add_contenttype"}}, {"model": "auth.permission", "pk": 14, "fields": {"name": "Can change content type", "content_type": 4, "codename": "change_contenttype"}}, {"model": "auth.permission", "pk": 15, "fields": {"name": "Can delete content type", "content_type": 4, "codename": "delete_contenttype"}}, {"model": "auth.permission", "pk": 16, "fields": {"name": "Can view content type", "content_type": 4, "codename": "view_contenttype"}}, {"model": "auth.permission", "pk": 17, "fields": {"name": "Can add session", "content_type": 5, "codename": "add_session"}}, {"model": "auth.permission", "pk": 18, "fields": {"name": "Can change session", "content_type": 5, "codename": "change_session"}}, {"model": "auth.permission", "pk": 19, "fields": {"name": "Can delete session", "content_type": 5, "codename": "delete_session"}}, {"model": "auth.permission", "pk": 20, "fields": {"name": "Can view session", "content_type": 5, "codename": "view_session"}}, {"model": "auth.permission", "pk": 21, "fields": {"name": "Can add blogger", "content_type": 6, "codename": "add_blogger"}}, {"model": "auth.permission", "pk": 22, "fields": {"name": "Can change blogger", "content_type": 6, "codename": "change_blogger"}}, {"model": "auth.permission", "pk": 23, "fields": {"name": "Can delete blogger", "content_type": 6, "codename": "delete_blogger"}}, {"model": "auth.permission", "pk": 24, "fields": {"name": "Can view blogger", "content_type": 6, "codename": "view_blogger"}}, {"model": "auth.permission", "pk": 25, "fields": {"name": "Can add blog", "content_type": 7, "codename": "add_blog"}}, {"model": "auth.permission", "pk": 26, "fields": {"name": "Can change blog", "content_type": 7, "codename": "change_blog"}}, {"model": "auth.permission", "pk": 27, "fields": {"name": "Can delete blog", "content_type": 7, "codename": "delete_blog"}}, {"model": "auth.permission", "pk": 28, "fields": {"name": "Can view blog", "content_type": 7, "codename": "view_blog"}}, {"model": "auth.permission", "pk": 29, "fields": {"name": "Can add comment", "content_type": 8, "codename": "add_comment"}}, {"model": "auth.permission", "pk": 30, "fields": {"name": "Can change comment", "content_type": 8, "codename": "change_comment"}}, {"model": "auth.permission", "pk": 31, "fields": {"name": "Can delete comment", "content_type": 8, "codename": "delete_comment"}}, {"model": "auth.permission", "pk": 32, "fields": {"name": "Can view comment", "content_type": 8, "codename": "view_comment"}}, {"model": "auth.permission", "pk": 33, "fields": {"name": "Can add profile", "content_type": 9, "codename": "add_profile"}}, {"model": "auth.permission", "pk": 34, "fields": {"name": "Can change profile", "content_type": 9, "codename": "change_profile"}}, {"model": "auth.permission", "pk": 35, "fields": {"name": "Can delete profile", "content_type": 9, "codename": "delete_profile"}}, {"model": "auth.permission", "pk": 36, "fields": {"name": "Can view profile", "content_type": 9, "codename": "view_profile"}}, {"model": "auth.permission", "pk": 37, "fields": {"name": "Can add request", "content_type": 10, "codename": "add_request"}}, {"model": "auth.permission", "pk": 38, "fields": {"name": "Can change request", "content_type": 10, "codename": "change_request"}}, {"model": "auth.permission", "pk": 39, "fields": {"name": "Can delete request", "content_type": 10, "codename": "delete_request"}}, {"model": "auth.permission", "pk": 40, "fields": {"name": "Can view request", "content_type": 10, "codename": "view_request"}}, {"model": "auth.permission", "pk": 41, "fields": {"name": "Can add response", "content_type": 11, "codename": "add_response"}}, {"model": "auth.permission", "pk": 42, "fields": {"name": "Can change response", "content_type": 11, "codename": "change_response"}}, {"model": "auth.permission", "pk": 43, "fields": {"name": "Can delete response", "content_type": 11, "codename": "delete_response"}}, {"model": "auth.permission", "pk": 44, "fields": {"name": "Can view response", "content_type": 11, "codename": "view_response"}}, {"model": "auth.permission", "pk": 45, "fields": {"name": "Can add sql query", "content_type": 12, "codename": "add_sqlquery"}}, {"model": "auth.permission", "pk": 46, "fields": {"name": "Can change sql query", "content_type": 12, "codename": "change_sqlquery"}}, {"model": "auth.permission", "pk": 47, "fields": {"name": "Can delete sql query", "content_type": 12, "codename": "delete_sqlquery"}}, {"model": "auth.permission", "pk": 48, "fields": {"name": "Can view sql query", "content_type": 12, "codename": "view_sqlquery"}}, {"model": "contenttypes.contenttype", "pk": 1, "fields": {"app_label": "admin", "model": "logentry"}}, {"model": "contenttypes.contenttype", "pk": 2, "fields": {"app_label": "auth", "model": "permission"}}, {"model": "contenttypes.contenttype", "pk": 3, "fields": {"app_label": "auth", "model": "group"}}, {"model": "contenttypes.contenttype", "pk": 4, "fields": {"app_label": "contenttypes", "model": "contenttype"}}, {"model": "contenttypes.contenttype", "pk": 5, "fields": {"app_label": "sessions", "model": "session"}}, {"model": "contenttypes.contenttype", "pk": 6, "fields": {"app_label": "blog", "model": "blogger"}}, {"model": "contenttypes.contenttype", "pk": 7, "fields": {"app_label": "blog", "model": "blog"}}, {"model": "contenttypes.contenttype", "pk": 8, "fields": {"app_label": "blog", "model": "comment"}}, {"model": "contenttypes.contenttype", "pk": 9, "fields": {"app_label": "silk", "model": "profile"}}, {"model": "contenttypes.contenttype", "pk": 10, "fields": {"app_label": "silk", "model": "request"}}, {"model": "contenttypes.contenttype", "pk": 11, "fields": {"app_label": "silk", "model": "response"}}, {"model": "contenttypes.contenttype", "pk": 12, "fields": {"app_label": "silk", "model": "sqlquery"}}, {"model": "sessions.session", "pk": "66kk3d1w0led9qhwdjht6bokdr9xdhii", "fields": {"session_data": ".eJxVjEEOwiAQRe_C2hCghQGX7nsGMjCjVA0kpV0Z765NutDtf-_9l4i4rSVunZc4kzgLI06_W8L84LoDumO9NZlbXZc5yV2RB-1yasTPy-H-HRTs5VsnxqyMQgIYCCkYBq2CG9XVWMSkyDlC63T2KQyKWI8AObA15MGOnsT7A_XNN_w:1nGTwM:Iz7TpRos6-dTXsk_mpLZAKk_sMxRCmaEhv945A0JT9A", "expire_date": "2022-02-19T22:53:58.590Z"}}, {"model": "blog.blogger", "pk": 1, "fields": {"password": "pbkdf2_sha256$320000$PzwFohr4BMg63qSHhoTmel$xzhYAFBtcdQ9qca1zXwIzS5yMXwS0lelmQVwR4LJXQA=", "last_login": "2022-02-05T21:45:48.035Z", "is_superuser": true, "username": "admin", "first_name": "", "last_name": "", "email": "admin@admin.com", "is_staff": true, "is_active": true, "date_joined": "2022-02-05T21:26:59.825Z", "bio": "", "profile_picture": "unknown_user.jpg", "groups": [], "user_permissions": []}}, {"model": "blog.blogger", "pk": 2, "fields": {"password": "pbkdf2_sha256$320000$1dNNI2YiomhLG7hAcEw9Il$kPnau4TwLspjlIRmJ6rll67iPlcEBFoCz1ibzsZdG50=", "last_login": "2022-02-05T22:53:58.573Z", "is_superuser": false, "username": "paul_khv", "first_name": "Paul", "last_name": "Khv", "email": "paul.khvaliuk@icloud.com", "is_staff": false, "is_active": true, "date_joined": "2022-02-05T21:37:57Z", "bio": "Some Info about me", "profile_picture": "df5b7650f23f93b330843ff36340cbd1_ymNeZhJ.jpg", "groups": [], "user_permissions": []}}, {"model": "blog.blogger", "pk": 3, "fields": {"password": "pbkdf2_sha256$320000$0n2KQMCyIAd1K44DQfw43W$FkdVyhtyYBcmMh2IGs4aMl4/9qI8r9DDhhRiYEjcjUA=", "last_login": "2022-02-05T21:39:44Z", "is_superuser": false, "username": "milim_nava", "first_name": "Milim", "last_name": "Nava", "email": "milim.nava@icloud.com", "is_staff": false, "is_active": true, "date_joined": "2022-02-05T21:39:44Z", "bio": "Milim Nava (ミリム・ナーヴァ mirimu nāva) is the second seat Demon Lord of the Octagram. She is one of the strongest and oldest among all other demon lords, known as the \"Destroyer,\" a demon lord with the threat level of \"Catastrophe.\" Milim is a carefree individual who just wants to do something to stave off her boredom.", "profile_picture": "Dxcu0CzVAAEYBqa_hNecdp9.jpg", "groups": [], "user_permissions": []}}, {"model": "blog.blogger", "pk": 4, "fields": {"password": "pbkdf2_sha256$320000$M6xxDF8C2QRpmsLJrGzFu1$wMfXZZWJm4fFPUkElQUPRBpxAH+uyVMvdLMHgqRxUto=", "last_login": "2022-02-05T21:40:54Z", "is_superuser": false, "username": "lug_tuathade", "first_name": "Lug", "last_name": "Tuatha De", "email": "lug.tuathdade@icloud.com", "is_staff": false, "is_active": true, "date_joined": "2022-02-05T21:40:54Z", "bio": "Lugh Tuatha Dé (ルーグ, Rūgu) is the former master and legendary assassin who was killed by his organization and was reincarnated into House Tuatha Dé by Goddess to kill the hero, the main protagonist of the series. In his previous timeline, he was touted to be the best assassin in the world", "profile_picture": "Lugh_Tuathe_D3F_Light_Novel.webp", "groups": [], "user_permissions": []}}, {"model": "blog.blogger", "pk": 5, "fields": {"password": "pbkdf2_sha256$320000$Q7MoTB09gZC7aKKETPT2Bg$mXeoWERR3jwfqCZioO1H0arrO03gdsKwekRRnaXcXOs=", "last_login": "2022-02-05T21:41:47Z", "is_superuser": false, "username": "toga_himiko", "first_name": "Toga", "last_name": "Himiko", "email": "toga.himiko@icloud.com", "is_staff": false, "is_active": true, "date_joined": "2022-02-05T21:41:47Z", "bio": "Himiko Toga (渡と我が被ひ身み子こ Toga Himiko?)[2] is a major antagonist of the My Hero Academia manga and anime series. She was a member of the League of Villains, affiliated with the Vanguard Action Squad.[3] Himiko served as one of the main antagonists of the Forest Training Camp Arc. She is also featured as an antagonist during the Provisional Hero License Exam Arc and the Shie Hassaikai Arc. She later became one of the nine lieutenants of the Paranormal Liberation Front, an organization formed from the remnants of the League and the Meta Liberation Army. After the Liberation war, she is currently at large.", "profile_picture": "my-hero-academia-himiko-toga-excited_udfy9SI.jpg", "groups": [], "user_permissions": []}}, {"model": "blog.blogger", "pk": 6, "fields": {"password": "pbkdf2_sha256$320000$JPzcjdp4DGdGmikPsyjrzL$Bah9tXPX5Sc/wAxiTfEUdY5oIGpFabX23dCVhgKLb3s=", "last_login": "2022-02-05T21:44:21Z", "is_superuser": false, "username": "meliodas", "first_name": "Meliodas", "last_name": "The Dragon's Sin of Wrath", "email": "meliodas@icloud.com", "is_staff": false, "is_active": true, "date_joined": "2022-02-05T21:44:20Z", "bio": "Meliodas,is a figure in Arthurian legend in the 13th-century Prose Tristan and subsequent accounts. In Thomas Malory's Le Morte d'Arthur, he is the second king of Lyonesse, son of Felec of Cornwall and vassal of King Mark. Meliodas' first wife, Isabelle, who bore the hero Tristan, was Mark's sister,[1] and his second wife was a daughter or sister of Hoel of Brittany. He is the eponymous protagonist of the romance Meliadus. The Italian variant Tristano Riccardiano calls him Felix (Felissi).", "profile_picture": "smertel-nye-grekhi-sem-rezhim-napadenie-meliodas-ap-felek-oboi-2560x1600_7_CoZupXu.jpg", "groups": [], "user_permissions": []}}, {"model": "blog.blogger", "pk": 7, "fields": {"password": "123456789", "last_login": null, "is_superuser": false, "username": "president.gov.ua", "first_name": "", "last_name": "", "email": "", "is_staff": false, "is_active": true, "date_joined": "2022-02-05T21:49:20Z", "bio": "https://www.president.gov.ua/ru", "profile_picture": "gerb-ukr_ZFDv914.jpg", "groups": [], "user_permissions": []}}, {"model": "blog.blog", "pk": 1, "fields": {"blogger": 2, "title": "Khv's First Blog", "content": "Khv's First Blog Content <3<3<3<3<3<3<3<3<3<3<3<3<3<3<3<3<3<3<3<3<3<3<3<3<3<3<3<3<3<3<3<3<3<3<3<3<3<3<3<3<3<3<3\r\n<3<3<3<3<3<3<3<3<3<3<3<3<3<3<3<3<3<3<3<3<3<3<3<3<3<3<3<3<3<3<3<3<3<3<3<3<3<3<3<3<3<3<3\r\n<3<3<3<3<3<3<3<3<3<3<3<3<3<3<3<3<3<3<3<3<3<3<3<3<3<3<3<3<3<3<3<3<3<3<3<3<3<3<3<3<3<3<3", "post_date": "2022-02-05T21:51:09.141Z", "is_posted": true, "publication_request": true, "notified": true}}, {"model": "blog.blog", "pk": 2, "fields": {"blogger": 2, "title": "Khv's Second Blog", "content": "Khv's Second Blog Content <3<3<3<3<3<3<3<3<3<3<3<3<3<3<3<3<3<3<3<3<3<3<3<3<3<3<3<3<3<3<3<3<3<3<3<3<3<3<3<3<3<3<3\r\n<3<3<3<3<3<3<3<3<3<3<3<3<3<3<3<3<3<3<3<3<3<3<3<3<3<3<3<3<3<3<3<3<3<3<3<3<3<3<3<3<3<3<3\r\n<3<3<3<3<3<3<3<3<3<3<3<3<3<3<3<3<3<3<3<3<3<3<3<3<3<3<3<3<3<3<3<3<3<3<3<3<3<3<3<3<3<3<3", "post_date": "2022-02-05T21:51:35.575Z", "is_posted": true, "publication_request": true, "notified": true}}, {"model": "blog.blog", "pk": 3, "fields": {"blogger": 2, "title": "Khv's Third Blog", "content": "Khv's Third Blog Content <3<3<3<3<3<3<3<3<3<3<3<3<3<3<3<3<3<3<3<3<3<3<3<3<3<3<3<3<3<3<3<3<3<3<3<3<3<3<3<3<3<3<3\r\n<3<3<3<3<3<3<3<3<3<3<3<3<3<3<3<3<3<3<3<3<3<3<3<3<3<3<3<3<3<3<3<3<3<3<3<3<3<3<3<3<3<3<3\r\n<3<3<3<3<3<3<3<3<3<3<3<3<3<3<3<3<3<3<3<3<3<3<3<3<3<3<3<3<3<3<3<3<3<3<3<3<3<3<3<3<3<3<3", "post_date": "2022-02-05T21:52:04.934Z", "is_posted": true, "publication_request": true, "notified": true}}, {"model": "blog.blog", "pk": 4, "fields": {"blogger": 3, "title": "Milim's First Blog", "content": "Milim's First Blog Content.  <3<3<3<3<3<3<3<3<3<3<3<3<3<3<3<3<3<3<3<3<3<3<3<3<3<3<3<3<3<3<3<3<3<3<3<3<3<3<3<3<3<3<3\r\n<3<3<3<3<3<3<3<3<3<3<3<3<3<3<3<3<3<3<3<3<3<3<3<3<3<3<3<3<3<3<3<3<3<3<3<3<3<3<3<3<3<3<3\r\n<3<3<3<3<3<3<3<3<3<3<3<3<3<3<3<3<3<3<3<3<3<3<3<3<3<3<3<3<3<3<3<3<3<3<3<3<3<3<3<3<3<3<3", "post_date": "2022-02-05T21:52:42.016Z", "is_posted": true, "publication_request": true, "notified": true}}, {"model": "blog.blog", "pk": 5, "fields": {"blogger": 3, "title": "Milim's Second Blog", "content": "Milim's Second Blog Content.  <3<3<3<3<3<3<3<3<3<3<3<3<3<3<3<3<3<3<3<3<3<3<3<3<3<3<3<3<3<3<3<3<3<3<3<3<3<3<3<3<3<3<3\r\n<3<3<3<3<3<3<3<3<3<3<3<3<3<3<3<3<3<3<3<3<3<3<3<3<3<3<3<3<3<3<3<3<3<3<3<3<3<3<3<3<3<3<3\r\n<3<3<3<3<3<3<3<3<3<3<3<3<3<3<3<3<3<3<3<3<3<3<3<3<3<3<3<3<3<3<3<3<3<3<3<3<3<3<3<3<3<3<3", "post_date": "2022-02-05T21:53:12.097Z", "is_posted": true, "publication_request": true, "notified": true}}, {"model": "blog.blog", "pk": 6, "fields": {"blogger": 6, "title": "Meliodas First Blog", "content": "Meliodas First Blog Content.  <3<3<3<3<3<3<3<3<3<3<3<3<3<3<3<3<3<3<3<3<3<3<3<3<3<3<3<3<3<3<3<3<3<3<3<3<3<3<3<3<3<3<3\r\n<3<3<3<3<3<3<3<3<3<3<3<3<3<3<3<3<3<3<3<3<3<3<3<3<3<3<3<3<3<3<3<3<3<3<3<3<3<3<3<3<3<3<3\r\n<3<3<3<3<3<3<3<3<3<3<3<3<3<3<3<3<3<3<3<3<3<3<3<3<3<3<3<3<3<3<3<3<3<3<3<3<3<3<3<3<3<3<3", "post_date": "2022-02-05T21:54:03.043Z", "is_posted": true, "publication_request": true, "notified": true}}, {"model": "blog.blog", "pk": 7, "fields": {"blogger": 6, "title": "Meliodas Second Blog", "content": "Meliodas First Blog Content.  <3<3<3<3<3<3<3<3<3<3<3<3<3<3<3<3<3<3<3<3<3<3<3<3<3<3<3<3<3<3<3<3<3<3<3<3<3<3<3<3<3<3<3\r\n<3<3<3<3<3<3<3<3<3<3<3<3<3<3<3<3<3<3<3<3<3<3<3<3<3<3<3<3<3<3<3<3<3<3<3<3<3<3<3<3<3<3<3\r\n<3<3<3<3<3<3<3<3<3<3<3<3<3<3<3<3<3<3<3<3<3<3<3<3<3<3<3<3<3<3<3<3<3<3<3<3<3<3<3<3<3<3<3", "post_date": "2022-02-05T21:54:46.281Z", "is_posted": true, "publication_request": true, "notified": true}}, {"model": "blog.blog", "pk": 8, "fields": {"blogger": 5, "title": "Toga's First Blog", "content": "Toga's First Blog Content.  <3<3<3<3<3<3<3<3<3<3<3<3<3<3<3<3<3<3<3<3<3<3<3<3<3<3<3<3<3<3<3<3<3<3<3<3<3<3<3<3<3<3<3\r\n<3<3<3<3<3<3<3<3<3<3<3<3<3<3<3<3<3<3<3<3<3<3<3<3<3<3<3<3<3<3<3<3<3<3<3<3<3<3<3<3<3<3<3\r\n<3<3<3<3<3<3<3<3<3<3<3<3<3<3<3<3<3<3<3<3<3<3<3<3<3<3<3<3<3<3<3<3<3<3<3<3<3<3<3<3<3<3<3", "post_date": "2022-02-05T21:55:13.139Z", "is_posted": true, "publication_request": true, "notified": true}}, {"model": "blog.blog", "pk": 9, "fields": {"blogger": 5, "title": "Toga's Second Blog", "content": "Toga's First Blog Content.  <3<3<3<3<3<3<3<3<3<3<3<3<3<3<3<3<3<3<3<3<3<3<3<3<3<3<3<3<3<3<3<3<3<3<3<3<3<3<3<3<3<3<3\r\n<3<3<3<3<3<3<3<3<3<3<3<3<3<3<3<3<3<3<3<3<3<3<3<3<3<3<3<3<3<3<3<3<3<3<3<3<3<3<3<3<3<3<3\r\n<3<3<3<3<3<3<3<3<3<3<3<3<3<3<3<3<3<3<3<3<3<3<3<3<3<3<3<3<3<3<3<3<3<3<3<3<3<3<3<3<3<3<3", "post_date": "2022-02-05T21:55:40.079Z", "is_posted": true, "publication_request": true, "notified": true}}, {"model": "blog.blog", "pk": 10, "fields": {"blogger": 4, "title": "Lug's First Blog", "content": "Lug's First Blog Content.  <3<3<3<3<3<3<3<3<3<3<3<3<3<3<3<3<3<3<3<3<3<3<3<3<3<3<3<3<3<3<3<3<3<3<3<3<3<3<3<3<3<3<3\r\n<3<3<3<3<3<3<3<3<3<3<3<3<3<3<3<3<3<3<3<3<3<3<3<3<3<3<3<3<3<3<3<3<3<3<3<3<3<3<3<3<3<3<3\r\n<3<3<3<3<3<3<3<3<3<3<3<3<3<3<3<3<3<3<3<3<3<3<3<3<3<3<3<3<3<3<3<3<3<3<3<3<3<3<3<3<3<3<3", "post_date": "2022-02-05T21:55:57.668Z", "is_posted": true, "publication_request": true, "notified": true}}, {"model": "blog.blog", "pk": 11, "fields": {"blogger": 4, "title": "Lug's Second Blog", "content": "Lug's Second Blog Content.  <3<3<3<3<3<3<3<3<3<3<3<3<3<3<3<3<3<3<3<3<3<3<3<3<3<3<3<3<3<3<3<3<3<3<3<3<3<3<3<3<3<3<3\r\n<3<3<3<3<3<3<3<3<3<3<3<3<3<3<3<3<3<3<3<3<3<3<3<3<3<3<3<3<3<3<3<3<3<3<3<3<3<3<3<3<3<3<3\r\n<3<3<3<3<3<3<3<3<3<3<3<3<3<3<3<3<3<3<3<3<3<3<3<3<3<3<3<3<3<3<3<3<3<3<3<3<3<3<3<3<3<3<3", "post_date": "2022-02-05T21:56:30.906Z", "is_posted": true, "publication_request": true, "notified": true}}, {"model": "blog.blog", "pk": 12, "fields": {"blogger": 4, "title": "Lug's Third Blog", "content": "Lug's Third Blog Content.  <3<3<3<3<3<3<3<3<3<3<3<3<3<3<3<3<3<3<3<3<3<3<3<3<3<3<3<3<3<3<3<3<3<3<3<3<3<3<3<3<3<3<3\r\n<3<3<3<3<3<3<3<3<3<3<3<3<3<3<3<3<3<3<3<3<3<3<3<3<3<3<3<3<3<3<3<3<3<3<3<3<3<3<3<3<3<3<3\r\n<3<3<3<3<3<3<3<3<3<3<3<3<3<3<3<3<3<3<3<3<3<3<3<3<3<3<3<3<3<3<3<3<3<3<3<3<3<3<3<3<3<3<3", "post_date": "2022-02-05T21:57:05.335Z", "is_posted": true, "publication_request": true, "notified": true}}, {"model": "blog.comment", "pk": 1, "fields": {"blogger": "Anonymous", "content": "First Comment <3<3<3<3<3<3<3<3<3<3<3<3<3<3<3<3<3<3<3<3<3<3<3<3<3<3<3<3<3<3<3<3<3<3<3<3<3<3<3<3", "post_date": "2022-02-05T21:59:31.378Z", "blog": 1, "is_posted": true, "notified": true}}, {"model": "blog.comment", "pk": 2, "fields": {"blogger": "Anonymous", "content": "First Comment <3<3<3<3<3<3<3<3<3<3<3<3<3<3<3<3<3<3<3<3<3<3<3<3<3<3<3<3<3<3<3<3<3<3<3<3<3<3<3<3", "post_date": "2022-02-05T21:59:39.213Z", "blog": 2, "is_posted": true, "notified": true}}, {"model": "blog.comment", "pk": 3, "fields": {"blogger": "Anonymous", "content": "First Comment <3<3<3<3<3<3<3<3<3<3<3<3<3<3<3<3<3<3<3<3<3<3<3<3<3<3<3<3<3<3<3<3<3<3<3<3<3<3<3<3", "post_date": "2022-02-05T21:59:45.234Z", "blog": 3, "is_posted": true, "notified": true}}, {"model": "blog.comment", "pk": 4, "fields": {"blogger": "Anonymous", "content": "First Comment <3<3<3<3<3<3<3<3<3<3<3<3<3<3<3<3<3<3<3<3<3<3<3<3<3<3<3<3<3<3<3<3<3<3<3<3<3<3<3<3", "post_date": "2022-02-05T21:59:50.676Z", "blog": 4, "is_posted": true, "notified": true}}, {"model": "blog.comment", "pk": 5, "fields": {"blogger": "Anonymous", "content": "First Comment <3<3<3<3<3<3<3<3<3<3<3<3<3<3<3<3<3<3<3<3<3<3<3<3<3<3<3<3<3<3<3<3<3<3<3<3<3<3<3<3", "post_date": "2022-02-05T21:59:56.182Z", "blog": 5, "is_posted": true, "notified": true}}, {"model": "blog.comment", "pk": 6, "fields": {"blogger": "Anonymous", "content": "First Comment <3<3<3<3<3<3<3<3<3<3<3<3<3<3<3<3<3<3<3<3<3<3<3<3<3<3<3<3<3<3<3<3<3<3<3<3<3<3<3<3", "post_date": "2022-02-05T22:00:02.484Z", "blog": 6, "is_posted": true, "notified": true}}, {"model": "blog.comment", "pk": 7, "fields": {"blogger": "Anonymous", "content": "First Comment <3<3<3<3<3<3<3<3<3<3<3<3<3<3<3<3<3<3<3<3<3<3<3<3<3<3<3<3<3<3<3<3<3<3<3<3<3<3<3<3", "post_date": "2022-02-05T22:00:09.794Z", "blog": 7, "is_posted": true, "notified": true}}, {"model": "blog.comment", "pk": 8, "fields": {"blogger": "Anonymous", "content": "First Comment <3<3<3<3<3<3<3<3<3<3<3<3<3<3<3<3<3<3<3<3<3<3<3<3<3<3<3<3<3<3<3<3<3<3<3<3<3<3<3<3", "post_date": "2022-02-05T22:00:15.748Z", "blog": 8, "is_posted": true, "notified": true}}, {"model": "blog.comment", "pk": 9, "fields": {"blogger": "Anonymous", "content": "First Comment <3<3<3<3<3<3<3<3<3<3<3<3<3<3<3<3<3<3<3<3<3<3<3<3<3<3<3<3<3<3<3<3<3<3<3<3<3<3<3<3", "post_date": "2022-02-05T22:00:22.732Z", "blog": 9, "is_posted": true, "notified": true}}, {"model": "blog.comment", "pk": 11, "fields": {"blogger": "Anonymous", "content": "First Comment <3<3<3<3<3<3<3<3<3<3<3<3<3<3<3<3<3<3<3<3<3<3<3<3<3<3<3<3<3<3<3<3<3<3<3<3<3<3<3<3", "post_date": "2022-02-05T22:00:37.542Z", "blog": 10, "is_posted": true, "notified": true}}, {"model": "blog.comment", "pk": 13, "fields": {"blogger": "Anonymous", "content": "First Comment <3<3<3<3<3<3<3<3<3<3<3<3<3<3<3<3<3<3<3<3<3<3<3<3<3<3<3<3<3<3<3<3<3<3<3<3<3<3<3<3", "post_date": "2022-02-05T22:00:52.783Z", "blog": 11, "is_posted": true, "notified": true}}, {"model": "blog.comment", "pk": 14, "fields": {"blogger": "Anonymous", "content": "First Comment <3<3<3<3<3<3<3<3<3<3<3<3<3<3<3<3<3<3<3<3<3<3<3<3<3<3<3<3<3<3<3<3<3<3<3<3<3<3<3<3", "post_date": "2022-02-05T22:00:59.460Z", "blog": 12, "is_posted": true, "notified": true}}, {"model": "blog.comment", "pk": 15, "fields": {"blogger": "Anonymous", "content": "Second Comment <3<3<3<3<3<3<3<3<3<3<3<3<3<3<3<3<3<3<3<3<3<3<3<3<3<3<3<3<3<3<3<3<3<3<3<3<3<3<3<3", "post_date": "2022-02-05T22:01:39.802Z", "blog": 1, "is_posted": true, "notified": true}}, {"model": "blog.comment", "pk": 16, "fields": {"blogger": "Anonymous", "content": "Second Comment <3<3<3<3<3<3<3<3<3<3<3<3<3<3<3<3<3<3<3<3<3<3<3<3<3<3<3<3<3<3<3<3<3<3<3<3<3<3<3<3", "post_date": "2022-02-05T22:01:45.961Z", "blog": 2, "is_posted": true, "notified": true}}, {"model": "blog.comment", "pk": 17, "fields": {"blogger": "Anonymous", "content": "Second Comment <3<3<3<3<3<3<3<3<3<3<3<3<3<3<3<3<3<3<3<3<3<3<3<3<3<3<3<3<3<3<3<3<3<3<3<3<3<3<3<3", "post_date": "2022-02-05T22:01:51.138Z", "blog": 3, "is_posted": true, "notified": true}}, {"model": "blog.comment", "pk": 18, "fields": {"blogger": "Anonymous", "content": "Second Comment <3<3<3<3<3<3<3<3<3<3<3<3<3<3<3<3<3<3<3<3<3<3<3<3<3<3<3<3<3<3<3<3<3<3<3<3<3<3<3<3", "post_date": "2022-02-05T22:01:57.196Z", "blog": 4, "is_posted": true, "notified": true}}, {"model": "blog.comment", "pk": 19, "fields": {"blogger": "Anonymous", "content": "Second Comment <3<3<3<3<3<3<3<3<3<3<3<3<3<3<3<3<3<3<3<3<3<3<3<3<3<3<3<3<3<3<3<3<3<3<3<3<3<3<3<3", "post_date": "2022-02-05T22:02:02.957Z", "blog": 5, "is_posted": true, "notified": true}}, {"model": "blog.comment", "pk": 20, "fields": {"blogger": "Anonymous", "content": "Second Comment <3<3<3<3<3<3<3<3<3<3<3<3<3<3<3<3<3<3<3<3<3<3<3<3<3<3<3<3<3<3<3<3<3<3<3<3<3<3<3<3", "post_date": "2022-02-05T22:02:12.160Z", "blog": 6, "is_posted": true, "notified": true}}, {"model": "blog.comment", "pk": 21, "fields": {"blogger": "Anonymous", "content": "Second Comment <3<3<3<3<3<3<3<3<3<3<3<3<3<3<3<3<3<3<3<3<3<3<3<3<3<3<3<3<3<3<3<3<3<3<3<3<3<3<3<3", "post_date": "2022-02-05T22:02:17.587Z", "blog": 7, "is_posted": true, "notified": true}}, {"model": "blog.comment", "pk": 22, "fields": {"blogger": "Anonymous", "content": "Second Comment <3<3<3<3<3<3<3<3<3<3<3<3<3<3<3<3<3<3<3<3<3<3<3<3<3<3<3<3<3<3<3<3<3<3<3<3<3<3<3<3", "post_date": "2022-02-05T22:02:24.370Z", "blog": 8, "is_posted": true, "notified": true}}, {"model": "blog.comment", "pk": 23, "fields": {"blogger": "Anonymous", "content": "Second Comment <3<3<3<3<3<3<3<3<3<3<3<3<3<3<3<3<3<3<3<3<3<3<3<3<3<3<3<3<3<3<3<3<3<3<3<3<3<3<3<3", "post_date": "2022-02-05T22:02:29.488Z", "blog": 9, "is_posted": true, "notified": true}}, {"model": "blog.comment", "pk": 24, "fields": {"blogger": "Anonymous", "content": "Second Comment <3<3<3<3<3<3<3<3<3<3<3<3<3<3<3<3<3<3<3<3<3<3<3<3<3<3<3<3<3<3<3<3<3<3<3<3<3<3<3<3", "post_date": "2022-02-05T22:02:34.794Z", "blog": 10, "is_posted": true, "notified": true}}, {"model": "blog.comment", "pk": 25, "fields": {"blogger": "Anonymous", "content": "Second Comment <3<3<3<3<3<3<3<3<3<3<3<3<3<3<3<3<3<3<3<3<3<3<3<3<3<3<3<3<3<3<3<3<3<3<3<3<3<3<3<3", "post_date": "2022-02-05T22:02:39.839Z", "blog": 11, "is_posted": true, "notified": true}}, {"model": "blog.comment", "pk": 26, "fields": {"blogger": "Anonymous", "content": "Second Comment <3<3<3<3<3<3<3<3<3<3<3<3<3<3<3<3<3<3<3<3<3<3<3<3<3<3<3<3<3<3<3<3<3<3<3<3<3<3<3<3", "post_date": "2022-02-05T22:02:47.545Z", "blog": 12, "is_posted": true, "notified": true}}, {"model": "blog.comment", "pk": 27, "fields": {"blogger": "Anonymous", "content": "Third Comment <3<3<3<3<3<3<3<3<3<3<3<3<3<3<3<3<3<3<3<3<3<3<3<3<3<3<3<3<3<3<3<3<3<3<3<3<3<3<3<3", "post_date": "2022-02-05T22:03:51.282Z", "blog": 1, "is_posted": true, "notified": true}}, {"model": "blog.comment", "pk": 28, "fields": {"blogger": "Anonymous", "content": "Third Comment <3<3<3<3<3<3<3<3<3<3<3<3<3<3<3<3<3<3<3<3<3<3<3<3<3<3<3<3<3<3<3<3<3<3<3<3<3<3<3<3", "post_date": "2022-02-05T22:03:55.695Z", "blog": 2, "is_posted": true, "notified": true}}, {"model": "blog.comment", "pk": 29, "fields": {"blogger": "Anonymous", "content": "Third Comment <3<3<3<3<3<3<3<3<3<3<3<3<3<3<3<3<3<3<3<3<3<3<3<3<3<3<3<3<3<3<3<3<3<3<3<3<3<3<3<3", "post_date": "2022-02-05T22:04:00.202Z", "blog": 3, "is_posted": true, "notified": true}}, {"model": "blog.comment", "pk": 30, "fields": {"blogger": "Anonymous", "content": "Third Comment <3<3<3<3<3<3<3<3<3<3<3<3<3<3<3<3<3<3<3<3<3<3<3<3<3<3<3<3<3<3<3<3<3<3<3<3<3<3<3<3", "post_date": "2022-02-05T22:04:04.797Z", "blog": 4, "is_posted": true, "notified": true}}, {"model": "blog.comment", "pk": 31, "fields": {"blogger": "Anonymous", "content": "Third Comment <3<3<3<3<3<3<3<3<3<3<3<3<3<3<3<3<3<3<3<3<3<3<3<3<3<3<3<3<3<3<3<3<3<3<3<3<3<3<3<3", "post_date": "2022-02-05T22:04:10.466Z", "blog": 5, "is_posted": true, "notified": true}}, {"model": "blog.comment", "pk": 32, "fields": {"blogger": "Anonymous", "content": "Third Comment <3<3<3<3<3<3<3<3<3<3<3<3<3<3<3<3<3<3<3<3<3<3<3<3<3<3<3<3<3<3<3<3<3<3<3<3<3<3<3<3", "post_date": "2022-02-05T22:04:18.396Z", "blog": 6, "is_posted": true, "notified": true}}, {"model": "blog.comment", "pk": 33, "fields": {"blogger": "Anonymous", "content": "Third Comment <3<3<3<3<3<3<3<3<3<3<3<3<3<3<3<3<3<3<3<3<3<3<3<3<3<3<3<3<3<3<3<3<3<3<3<3<3<3<3<3", "post_date": "2022-02-05T22:04:23.138Z", "blog": 7, "is_posted": true, "notified": true}}, {"model": "blog.comment", "pk": 34, "fields": {"blogger": "Anonymous", "content": "Third Comment <3<3<3<3<3<3<3<3<3<3<3<3<3<3<3<3<3<3<3<3<3<3<3<3<3<3<3<3<3<3<3<3<3<3<3<3<3<3<3<3", "post_date": "2022-02-05T22:04:29.296Z", "blog": 8, "is_posted": true, "notified": true}}, {"model": "blog.comment", "pk": 36, "fields": {"blogger": "Anonymous", "content": "Third Comment <3<3<3<3<3<3<3<3<3<3<3<3<3<3<3<3<3<3<3<3<3<3<3<3<3<3<3<3<3<3<3<3<3<3<3<3<3<3<3<3", "post_date": "2022-02-05T22:04:37.647Z", "blog": 9, "is_posted": true, "notified": true}}, {"model": "blog.comment", "pk": 37, "fields": {"blogger": "Anonymous", "content": "Third Comment <3<3<3<3<3<3<3<3<3<3<3<3<3<3<3<3<3<3<3<3<3<3<3<3<3<3<3<3<3<3<3<3<3<3<3<3<3<3<3<3", "post_date": "2022-02-05T22:04:43.852Z", "blog": 10, "is_posted": true, "notified": true}}, {"model": "blog.comment", "pk": 38, "fields": {"blogger": "Anonymous", "content": "Third Comment <3<3<3<3<3<3<3<3<3<3<3<3<3<3<3<3<3<3<3<3<3<3<3<3<3<3<3<3<3<3<3<3<3<3<3<3<3<3<3<3", "post_date": "2022-02-05T22:04:48.837Z", "blog": 11, "is_posted": true, "notified": true}}, {"model": "blog.comment", "pk": 39, "fields": {"blogger": "Anonymous", "content": "Third Comment <3<3<3<3<3<3<3<3<3<3<3<3<3<3<3<3<3<3<3<3<3<3<3<3<3<3<3<3<3<3<3<3<3<3<3<3<3<3<3<3", "post_date": "2022-02-05T22:04:53.543Z", "blog": 12, "is_posted": true, "notified": true}}]